模型,Precision@10,Recall@10,F1@10,评估用户数
Popularity,0.0010000000000000002,0.0011666666666666665,0.001053030303030303,300
User-CF,0.0010000000000000002,0.002108262108262108,0.0010835058661145618,300
Item-CF,0.0010000000000000002,0.002314814814814815,0.0012094630515683148,300
Content-Based,0.008666666666666666,0.03202792416922852,0.012372554589659853,300
Hybrid-SVD-CF(alpha=0.5),0.009333333333333332,0.03618855218855219,0.013563632030737294,300
Hybrid-User-CF(alpha=0.9),0.009000000000000001,0.037808922558922556,0.013220712279922804,300
