n_components,Precision@10,Recall@10,F1@10,HitRate@10,NDCG@10,验证用户数
20,0.002666666666666667,0.011534188034188035,0.003824320606929303,0.02666666666666667,0.005358279470264205,300
50,0.002666666666666667,0.007691919191919192,0.0037081807081807082,0.02666666666666667,0.006016907777761288,300
100,0.002666666666666667,0.009414141414141415,0.003658563658563659,0.02666666666666667,0.006438220743981515,300
150,0.0023333333333333335,0.008112554112554113,0.0030934555640437997,0.023333333333333334,0.003814609279145647,300
200,0.0023333333333333335,0.011191919191919192,0.0033906926406926407,0.023333333333333334,0.004444542325838385,300
